{"cameraMode":{"drawMode":0,"name":"Shaded","section":"Shading Mode"},"sceneLighting":false,"audioPlay":false,"sceneViewState":{"showFog":true,"showMaterialUpdate":true,"showSkybox":false,"showFlares":true,"showImageEffects":true,"showParticleSystems":true},"in2DMode":false,"pivot":{"x":11.118568420410157,"y":16.432701110839845,"z":10.717087745666504},"rotation":{"x":0.20188653469085694,"y":-0.7980407476425171,"z":0.4082006514072418,"w":0.39468324184417727},"size":1.7289419174194337,"orthographic":false}