{"cameraMode":{"drawMode":0,"name":"Shaded","section":"Shading Mode"},"sceneLighting":true,"audioPlay":false,"sceneViewState":{"showFog":true,"showMaterialUpdate":true,"showSkybox":true,"showFlares":true,"showImageEffects":true,"showParticleSystems":true},"in2DMode":false,"pivot":{"x":311.1594543457031,"y":298.0055236816406,"z":-151.83407592773438},"rotation":{"x":0.11627733707427979,"y":-0.11418801546096802,"z":0.013482066802680493,"w":0.9867126941680908},"size":16.22068977355957,"orthographic":false}